Project, Version, Budget, Suite, RelBudget, Test count, APFDf, TTFF, pTTFF, Misses, Hit, HitCount
JxPath,19,10%,Ekstazi,0.04444444444444444,2.0,0.03296296296296296,NA,NA,29,0,1
JxPath,19,10%,FAST,0.04444444444444444,2.0,0.03296296296296296,NA,NA,29,0,1
JxPath,19,10%,Ekstazi+dpt,0.04444444444444444,2.0,0.0,NA,NA,30,0,0
JxPath,19,10%,DPT,0.04444444444444444,2.0,0.0,NA,NA,30,0,0
JxPath,19,10%,STARTS,0.04444444444444444,2.0,0.0,NA,NA,30,0,0
JxPath,19,10%,STARTS+FAST-S,0.04444444444444444,2.0,0.0,NA,NA,30,0,0
JxPath,19,10%,STARTS+FAST-P,0.04444444444444444,2.0,0.0,NA,NA,30,0,0
JxPath,19,10%,STARTS+DPT,0.04444444444444444,2.0,0.0,NA,NA,30,0,0
JxPath,19,10%,Fastazi-S,0.04444444444444444,2.0,0.09888888888888887,NA,NA,27,0,3
JxPath,19,10%,Fastazi-P,0.04444444444444444,2.0,0.03296296296296296,NA,NA,29,0,1
JxPath,19,10%,Random,0.04444444444444444,2.0,0.06518518518518518,NA,NA,28,0,2
JxPath,19,20%,Ekstazi,0.11111111111111115,5.0,0.12518518518518518,NA,NA,26,0,4
JxPath,19,20%,FAST,0.11111111111111115,5.0,0.03296296296296296,NA,NA,29,0,1
JxPath,19,20%,Ekstazi+dpt,0.11111111111111115,5.0,0.0,NA,NA,30,0,0
JxPath,19,20%,DPT,0.11111111111111115,5.0,0.0,NA,NA,30,0,0
JxPath,19,20%,STARTS,0.11111111111111115,5.0,0.09222222222222222,NA,NA,27,0,3
JxPath,19,20%,STARTS+FAST-S,0.11111111111111115,5.0,0.0,NA,NA,30,0,0
JxPath,19,20%,STARTS+FAST-P,0.11111111111111115,5.0,0.0,NA,NA,30,0,0
JxPath,19,20%,STARTS+DPT,0.11111111111111115,5.0,0.0,NA,NA,30,0,0
JxPath,19,20%,Fastazi-S,0.11111111111111115,5.0,0.09888888888888887,NA,NA,27,0,3
JxPath,19,20%,Fastazi-P,0.11111111111111115,5.0,0.03296296296296296,NA,NA,29,0,1
JxPath,19,20%,Random,0.11111111111111115,5.0,0.09518518518518519,NA,NA,27,0,3
JxPath,19,25%,Ekstazi,0.13333333333333333,6.0,0.15444444444444444,NA,NA,25,0,5
JxPath,19,25%,FAST,0.13333333333333333,6.0,0.03296296296296296,NA,NA,29,0,1
JxPath,19,25%,Ekstazi+dpt,0.13333333333333333,6.0,0.0,NA,NA,30,0,0
JxPath,19,25%,DPT,0.13333333333333333,6.0,0.0,NA,NA,30,0,0
JxPath,19,25%,STARTS,0.13333333333333333,6.0,0.15074074074074073,NA,NA,25,0,5
JxPath,19,25%,STARTS+FAST-S,0.13333333333333333,6.0,0.0,NA,NA,30,0,0
JxPath,19,25%,STARTS+FAST-P,0.13333333333333333,6.0,0.0,NA,NA,30,0,0
JxPath,19,25%,STARTS+DPT,0.13333333333333333,6.0,0.0,NA,NA,30,0,0
JxPath,19,25%,Fastazi-S,0.13333333333333333,6.0,0.09888888888888887,NA,NA,27,0,3
JxPath,19,25%,Fastazi-P,0.13333333333333333,6.0,0.03296296296296296,NA,NA,29,0,1
JxPath,19,25%,Random,0.13333333333333333,6.0,0.09518518518518519,NA,NA,27,0,3
JxPath,19,30%,Ekstazi,0.17777777777777776,8.0,0.21,NA,NA,23,0,7
JxPath,19,30%,FAST,0.17777777777777776,8.0,0.03296296296296296,NA,NA,29,0,1
JxPath,19,30%,Ekstazi+dpt,0.17777777777777776,8.0,0.0,NA,NA,30,0,0
JxPath,19,30%,DPT,0.17777777777777776,8.0,0.0,NA,NA,30,0,0
JxPath,19,30%,STARTS,0.17777777777777776,8.0,0.17925925925925928,NA,NA,24,0,6
JxPath,19,30%,STARTS+FAST-S,0.17777777777777776,8.0,0.05703703703703703,NA,NA,28,0,2
JxPath,19,30%,STARTS+FAST-P,0.17777777777777776,8.0,0.0,NA,NA,30,0,0
JxPath,19,30%,STARTS+DPT,0.17777777777777776,8.0,0.0,NA,NA,30,0,0
JxPath,19,30%,Fastazi-S,0.17777777777777776,8.0,0.09888888888888887,NA,NA,27,0,3
JxPath,19,30%,Fastazi-P,0.17777777777777776,8.0,0.03296296296296296,NA,NA,29,0,1
JxPath,19,30%,Random,0.17777777777777776,8.0,0.09518518518518519,NA,NA,27,0,3
JxPath,19,40%,Ekstazi,0.2222222222222223,10.0,0.2896296296296296,NA,NA,20,0,10
JxPath,19,40%,FAST,0.2222222222222223,10.0,0.03296296296296296,NA,NA,29,0,1
JxPath,19,40%,Ekstazi+dpt,0.2222222222222223,10.0,0.0,NA,NA,30,0,0
JxPath,19,40%,DPT,0.2222222222222223,10.0,0.0,NA,NA,30,0,0
JxPath,19,40%,STARTS,0.2222222222222223,10.0,0.2851851851851851,NA,NA,20,0,10
JxPath,19,40%,STARTS+FAST-S,0.2222222222222223,10.0,0.05703703703703703,NA,NA,28,0,2
JxPath,19,40%,STARTS+FAST-P,0.2222222222222223,10.0,0.0,NA,NA,30,0,0
JxPath,19,40%,STARTS+DPT,0.2222222222222223,10.0,0.0,NA,NA,30,0,0
JxPath,19,40%,Fastazi-S,0.2222222222222223,10.0,0.41888888888888887,NA,NA,15,0,15
JxPath,19,40%,Fastazi-P,0.2222222222222223,10.0,0.5662962962962964,NA,NA,9,0,21
JxPath,19,40%,Random,0.2222222222222223,10.0,0.14777777777777779,NA,NA,25,0,5
JxPath,19,50%,Ekstazi,0.28888888888888886,13.0,0.3392592592592593,NA,NA,18,0,12
JxPath,19,50%,FAST,0.28888888888888886,13.0,0.6218518518518515,NA,NA,5,0,25
JxPath,19,50%,Ekstazi+dpt,0.28888888888888886,13.0,0.0,NA,NA,30,0,0
JxPath,19,50%,DPT,0.28888888888888886,13.0,0.0,NA,NA,30,0,0
JxPath,19,50%,STARTS,0.28888888888888886,13.0,0.3837037037037037,NA,NA,16,0,14
JxPath,19,50%,STARTS+FAST-S,0.28888888888888886,13.0,0.05703703703703703,NA,NA,28,0,2
JxPath,19,50%,STARTS+FAST-P,0.28888888888888886,13.0,0.0,NA,NA,30,0,0
JxPath,19,50%,STARTS+DPT,0.28888888888888886,13.0,0.0,NA,NA,30,0,0
JxPath,19,50%,Fastazi-S,0.28888888888888886,13.0,0.7859259259259255,10.133333333333333,0.22518518518518515,0,1,30
JxPath,19,50%,Fastazi-P,0.28888888888888886,13.0,0.7940740740740738,9.766666666666667,0.21703703703703708,0,1,30
JxPath,19,50%,Random,0.28888888888888886,13.0,0.19814814814814816,NA,NA,23,0,7
JxPath,19,60%,Ekstazi,0.3555555555555555,16.0,0.40703703703703703,NA,NA,15,0,15
JxPath,19,60%,FAST,0.3555555555555555,16.0,0.7385185185185181,12.266666666666667,0.2725925925925925,0,1,30
JxPath,19,60%,Ekstazi+dpt,0.3555555555555555,16.0,0.0,NA,NA,30,0,0
JxPath,19,60%,DPT,0.3555555555555555,16.0,0.0,NA,NA,30,0,0
JxPath,19,60%,STARTS,0.3555555555555555,16.0,0.5440740740740739,NA,NA,9,0,21
JxPath,19,60%,STARTS+FAST-S,0.3555555555555555,16.0,0.07888888888888888,NA,NA,27,0,3
JxPath,19,60%,STARTS+FAST-P,0.3555555555555555,16.0,0.0,NA,NA,30,0,0
JxPath,19,60%,STARTS+DPT,0.3555555555555555,16.0,0.0,NA,NA,30,0,0
JxPath,19,60%,Fastazi-S,0.3555555555555555,16.0,0.7859259259259255,10.133333333333333,0.22518518518518515,0,1,30
JxPath,19,60%,Fastazi-P,0.3555555555555555,16.0,0.7940740740740738,9.766666666666667,0.21703703703703708,0,1,30
JxPath,19,60%,Random,0.3555555555555555,16.0,0.19814814814814816,NA,NA,23,0,7
JxPath,19,70%,Ekstazi,0.4000000000000002,18.0,0.4485185185185185,NA,NA,13,0,17
JxPath,19,70%,FAST,0.4000000000000002,18.0,0.7385185185185181,12.266666666666667,0.2725925925925925,0,1,30
JxPath,19,70%,Ekstazi+dpt,0.4000000000000002,18.0,0.0,NA,NA,30,0,0
JxPath,19,70%,DPT,0.4000000000000002,18.0,0.0,NA,NA,30,0,0
JxPath,19,70%,STARTS,0.4000000000000002,18.0,0.5651851851851851,NA,NA,8,0,22
JxPath,19,70%,STARTS+FAST-S,0.4000000000000002,18.0,0.22148148148148145,NA,NA,20,0,10
JxPath,19,70%,STARTS+FAST-P,0.4000000000000002,18.0,0.44814814814814796,NA,NA,8,0,22
JxPath,19,70%,STARTS+DPT,0.4000000000000002,18.0,0.0,NA,NA,30,0,0
JxPath,19,70%,Fastazi-S,0.4000000000000002,18.0,0.7859259259259255,10.133333333333333,0.22518518518518515,0,1,30
JxPath,19,70%,Fastazi-P,0.4000000000000002,18.0,0.7940740740740738,9.766666666666667,0.21703703703703708,0,1,30
JxPath,19,70%,Random,0.4000000000000002,18.0,0.24037037037037037,NA,NA,21,0,9
JxPath,19,75%,Ekstazi,0.4444444444444446,20.0,0.5662962962962961,NA,NA,7,0,23
JxPath,19,75%,FAST,0.4444444444444446,20.0,0.7385185185185181,12.266666666666667,0.2725925925925925,0,1,30
JxPath,19,75%,Ekstazi+dpt,0.4444444444444446,20.0,0.0,NA,NA,30,0,0
JxPath,19,75%,DPT,0.4444444444444446,20.0,0.0,NA,NA,30,0,0
JxPath,19,75%,STARTS,0.4444444444444446,20.0,0.5651851851851851,NA,NA,8,0,22
JxPath,19,75%,STARTS+FAST-S,0.4444444444444446,20.0,0.6044444444444442,18.3,0.4066666666666668,0,1,30
JxPath,19,75%,STARTS+FAST-P,0.4444444444444446,20.0,0.6051851851851849,18.266666666666666,0.40592592592592613,0,1,30
JxPath,19,75%,STARTS+DPT,0.4444444444444446,20.0,0.0,NA,NA,30,0,0
JxPath,19,75%,Fastazi-S,0.4444444444444446,20.0,0.7859259259259255,10.133333333333333,0.22518518518518515,0,1,30
JxPath,19,75%,Fastazi-P,0.4444444444444446,20.0,0.7940740740740738,9.766666666666667,0.21703703703703708,0,1,30
JxPath,19,75%,Random,0.4444444444444446,20.0,0.26,NA,NA,20,0,10
JxPath,19,80%,Ekstazi,0.46666666666666673,21.0,0.5662962962962961,NA,NA,7,0,23
JxPath,19,80%,FAST,0.46666666666666673,21.0,0.7385185185185181,12.266666666666667,0.2725925925925925,0,1,30
JxPath,19,80%,Ekstazi+dpt,0.46666666666666673,21.0,0.0,NA,NA,30,0,0
JxPath,19,80%,DPT,0.46666666666666673,21.0,0.0,NA,NA,30,0,0
JxPath,19,80%,STARTS,0.46666666666666673,21.0,0.6014814814814814,NA,NA,6,0,24
JxPath,19,80%,STARTS+FAST-S,0.46666666666666673,21.0,0.6044444444444442,18.3,0.4066666666666668,0,1,30
JxPath,19,80%,STARTS+FAST-P,0.46666666666666673,21.0,0.6051851851851849,18.266666666666666,0.40592592592592613,0,1,30
JxPath,19,80%,STARTS+DPT,0.46666666666666673,21.0,0.0,NA,NA,30,0,0
JxPath,19,80%,Fastazi-S,0.46666666666666673,21.0,0.7859259259259255,10.133333333333333,0.22518518518518515,0,1,30
JxPath,19,80%,Fastazi-P,0.46666666666666673,21.0,0.7940740740740738,9.766666666666667,0.21703703703703708,0,1,30
JxPath,19,80%,Random,0.46666666666666673,21.0,0.29629629629629634,NA,NA,18,0,12
JxPath,19,90%,Ekstazi,0.5333333333333333,24.0,0.5829629629629628,NA,NA,6,0,24
JxPath,19,90%,FAST,0.5333333333333333,24.0,0.7385185185185181,12.266666666666667,0.2725925925925925,0,1,30
JxPath,19,90%,Ekstazi+dpt,0.5333333333333333,24.0,0.5133333333333333,22.4,0.49777777777777776,0,1,30
JxPath,19,90%,DPT,0.5333333333333333,24.0,0.5088888888888888,22.6,0.5022222222222222,0,1,30
JxPath,19,90%,STARTS,0.5333333333333333,24.0,0.636296296296296,NA,NA,4,0,26
JxPath,19,90%,STARTS+FAST-S,0.5333333333333333,24.0,0.6044444444444442,18.3,0.4066666666666668,0,1,30
JxPath,19,90%,STARTS+FAST-P,0.5333333333333333,24.0,0.6051851851851849,18.266666666666666,0.40592592592592613,0,1,30
JxPath,19,90%,STARTS+DPT,0.5333333333333333,24.0,0.5066666666666666,22.7,0.5044444444444445,0,1,30
JxPath,19,90%,Fastazi-S,0.5333333333333333,24.0,0.7859259259259255,10.133333333333333,0.22518518518518515,0,1,30
JxPath,19,90%,Fastazi-P,0.5333333333333333,24.0,0.7940740740740738,9.766666666666667,0.21703703703703708,0,1,30
JxPath,19,90%,Random,0.5333333333333333,24.0,0.3774074074074074,NA,NA,13,0,17
JxPath,19,100%,Ekstazi,0.6,27.0,0.6688888888888886,15.4,0.34222222222222215,0,1,30
JxPath,19,100%,FAST,0.6,27.0,0.7385185185185181,12.266666666666667,0.2725925925925925,0,1,30
JxPath,19,100%,Ekstazi+dpt,0.6,27.0,0.5133333333333333,22.4,0.49777777777777776,0,1,30
JxPath,19,100%,DPT,0.6,27.0,0.5088888888888888,22.6,0.5022222222222222,0,1,30
JxPath,19,100%,STARTS,0.6,27.0,0.6940740740740738,14.266666666666667,0.31703703703703695,0,1,30
JxPath,19,100%,STARTS+FAST-S,0.6,27.0,0.6044444444444442,18.3,0.4066666666666668,0,1,30
JxPath,19,100%,STARTS+FAST-P,0.6,27.0,0.6051851851851849,18.266666666666666,0.40592592592592613,0,1,30
JxPath,19,100%,STARTS+DPT,0.6,27.0,0.5066666666666666,22.7,0.5044444444444445,0,1,30
JxPath,19,100%,Fastazi-S,0.6,27.0,0.7859259259259255,10.133333333333333,0.22518518518518515,0,1,30
JxPath,19,100%,Fastazi-P,0.6,27.0,0.7940740740740738,9.766666666666667,0.21703703703703708,0,1,30
JxPath,19,100%,Random,0.6,27.0,0.3774074074074074,NA,NA,13,0,17
JxPath,20,10%,Ekstazi,0.04081632653061227,2.0,0.03231292517006803,NA,NA,29,0,1
JxPath,20,10%,FAST,0.04081632653061227,2.0,0.4853741496598639,NA,NA,15,0,15
JxPath,20,10%,Ekstazi+dpt,0.04081632653061227,2.0,0.0,NA,NA,30,0,0
JxPath,20,10%,DPT,0.04081632653061227,2.0,0.0,NA,NA,30,0,0
JxPath,20,10%,STARTS,0.04081632653061227,2.0,0.03231292517006803,NA,NA,29,0,1
JxPath,20,10%,STARTS+FAST-S,0.04081632653061227,2.0,0.8085034013605442,NA,NA,5,0,25
JxPath,20,10%,STARTS+FAST-P,0.04081632653061227,2.0,0.5870748299319728,NA,NA,12,0,18
JxPath,20,10%,STARTS+DPT,0.04081632653061227,2.0,0.0,NA,NA,30,0,0
JxPath,20,10%,Fastazi-S,0.04081632653061227,2.0,0.4200680272108844,NA,NA,17,0,13
JxPath,20,10%,Fastazi-P,0.04081632653061227,2.0,0.48877551020408166,NA,NA,15,0,15
JxPath,20,10%,Random,0.04081632653061227,2.0,0.03231292517006803,NA,NA,29,0,1
JxPath,20,20%,Ekstazi,0.10204081632653055,5.0,0.18639455782312928,NA,NA,24,0,6
JxPath,20,20%,FAST,0.10204081632653055,5.0,0.7295918367346937,NA,NA,7,0,23
JxPath,20,20%,Ekstazi+dpt,0.10204081632653055,5.0,0.0,NA,NA,30,0,0
JxPath,20,20%,DPT,0.10204081632653055,5.0,0.0,NA,NA,30,0,0
JxPath,20,20%,STARTS,0.10204081632653055,5.0,0.12585034013605442,NA,NA,26,0,4
JxPath,20,20%,STARTS+FAST-S,0.10204081632653055,5.0,0.8697278911564624,NA,NA,3,0,27
JxPath,20,20%,STARTS+FAST-P,0.10204081632653055,5.0,0.9619047619047616,2.3666666666666667,0.04829931972789117,0,1,30
JxPath,20,20%,STARTS+DPT,0.10204081632653055,5.0,0.0,NA,NA,30,0,0
JxPath,20,20%,Fastazi-S,0.10204081632653055,5.0,0.9360544217687073,3.6333333333333333,0.07414965986394557,0,1,30
JxPath,20,20%,Fastazi-P,0.10204081632653055,5.0,0.9503401360544216,2.933333333333333,0.0598639455782313,0,1,30
JxPath,20,20%,Random,0.10204081632653055,5.0,0.0935374149659864,NA,NA,27,0,3
JxPath,20,25%,Ekstazi,0.14285714285714282,7.0,0.3034013605442177,NA,NA,20,0,10
JxPath,20,25%,FAST,0.14285714285714282,7.0,0.9367346938775509,3.6,0.07346938775510205,0,1,30
JxPath,20,25%,Ekstazi+dpt,0.14285714285714282,7.0,0.0,NA,NA,30,0,0
JxPath,20,25%,DPT,0.14285714285714282,7.0,0.0,NA,NA,30,0,0
JxPath,20,25%,STARTS,0.14285714285714282,7.0,0.21326530612244898,NA,NA,23,0,7
JxPath,20,25%,STARTS+FAST-S,0.14285714285714282,7.0,0.8697278911564624,NA,NA,3,0,27
JxPath,20,25%,STARTS+FAST-P,0.14285714285714282,7.0,0.9619047619047616,2.3666666666666667,0.04829931972789117,0,1,30
JxPath,20,25%,STARTS+DPT,0.14285714285714282,7.0,0.0,NA,NA,30,0,0
JxPath,20,25%,Fastazi-S,0.14285714285714282,7.0,0.9360544217687073,3.6333333333333333,0.07414965986394557,0,1,30
JxPath,20,25%,Fastazi-P,0.14285714285714282,7.0,0.9503401360544216,2.933333333333333,0.0598639455782313,0,1,30
JxPath,20,25%,Random,0.14285714285714282,7.0,0.1816326530612245,NA,NA,24,0,6
JxPath,20,30%,Ekstazi,0.16326530612244908,8.0,0.3316326530612245,NA,NA,19,0,11
JxPath,20,30%,FAST,0.16326530612244908,8.0,0.9367346938775509,3.6,0.07346938775510205,0,1,30
JxPath,20,30%,Ekstazi+dpt,0.16326530612244908,8.0,0.0,NA,NA,30,0,0
JxPath,20,30%,DPT,0.16326530612244908,8.0,0.0,NA,NA,30,0,0
JxPath,20,30%,STARTS,0.16326530612244908,8.0,0.2697278911564626,NA,NA,21,0,9
JxPath,20,30%,STARTS+FAST-S,0.16326530612244908,8.0,0.8697278911564624,NA,NA,3,0,27
JxPath,20,30%,STARTS+FAST-P,0.16326530612244908,8.0,0.9619047619047616,2.3666666666666667,0.04829931972789117,0,1,30
JxPath,20,30%,STARTS+DPT,0.16326530612244908,8.0,0.0,NA,NA,30,0,0
JxPath,20,30%,Fastazi-S,0.16326530612244908,8.0,0.9360544217687073,3.6333333333333333,0.07414965986394557,0,1,30
JxPath,20,30%,Fastazi-P,0.16326530612244908,8.0,0.9503401360544216,2.933333333333333,0.0598639455782313,0,1,30
JxPath,20,30%,Random,0.16326530612244908,8.0,0.1816326530612245,NA,NA,24,0,6
JxPath,20,40%,Ekstazi,0.22448979591836718,11.0,0.4653061224489796,NA,NA,14,0,16
JxPath,20,40%,FAST,0.22448979591836718,11.0,0.9367346938775509,3.6,0.07346938775510205,0,1,30
JxPath,20,40%,Ekstazi+dpt,0.22448979591836718,11.0,0.0,NA,NA,30,0,0
JxPath,20,40%,DPT,0.22448979591836718,11.0,0.0,NA,NA,30,0,0
JxPath,20,40%,STARTS,0.22448979591836718,11.0,0.32346938775510203,NA,NA,19,0,11
JxPath,20,40%,STARTS+FAST-S,0.22448979591836718,11.0,0.9496598639455782,2.966666666666667,0.06054421768707486,0,1,30
JxPath,20,40%,STARTS+FAST-P,0.22448979591836718,11.0,0.9619047619047616,2.3666666666666667,0.04829931972789117,0,1,30
JxPath,20,40%,STARTS+DPT,0.22448979591836718,11.0,0.0,NA,NA,30,0,0
JxPath,20,40%,Fastazi-S,0.22448979591836718,11.0,0.9360544217687073,3.6333333333333333,0.07414965986394557,0,1,30
JxPath,20,40%,Fastazi-P,0.22448979591836718,11.0,0.9503401360544216,2.933333333333333,0.0598639455782313,0,1,30
JxPath,20,40%,Random,0.22448979591836718,11.0,0.2615646258503401,NA,NA,21,0,9
JxPath,20,50%,Ekstazi,0.28571428571428564,14.0,0.48945578231292514,NA,NA,13,0,17
JxPath,20,50%,FAST,0.28571428571428564,14.0,0.9367346938775509,3.6,0.07346938775510205,0,1,30
JxPath,20,50%,Ekstazi+dpt,0.28571428571428564,14.0,0.0,NA,NA,30,0,0
JxPath,20,50%,DPT,0.28571428571428564,14.0,0.0,NA,NA,30,0,0
JxPath,20,50%,STARTS,0.28571428571428564,14.0,0.42210884353741496,NA,NA,15,0,15
JxPath,20,50%,STARTS+FAST-S,0.28571428571428564,14.0,0.9496598639455782,2.966666666666667,0.06054421768707486,0,1,30
JxPath,20,50%,STARTS+FAST-P,0.28571428571428564,14.0,0.9619047619047616,2.3666666666666667,0.04829931972789117,0,1,30
JxPath,20,50%,STARTS+DPT,0.28571428571428564,14.0,0.0,NA,NA,30,0,0
JxPath,20,50%,Fastazi-S,0.28571428571428564,14.0,0.9360544217687073,3.6333333333333333,0.07414965986394557,0,1,30
JxPath,20,50%,Fastazi-P,0.28571428571428564,14.0,0.9503401360544216,2.933333333333333,0.0598639455782313,0,1,30
JxPath,20,50%,Random,0.28571428571428564,14.0,0.2857142857142857,NA,NA,20,0,10
JxPath,20,60%,Ekstazi,0.346938775510204,17.0,0.5357142857142857,NA,NA,11,0,19
JxPath,20,60%,FAST,0.346938775510204,17.0,0.9367346938775509,3.6,0.07346938775510205,0,1,30
JxPath,20,60%,Ekstazi+dpt,0.346938775510204,17.0,0.0,NA,NA,30,0,0
JxPath,20,60%,DPT,0.346938775510204,17.0,0.0,NA,NA,30,0,0
JxPath,20,60%,STARTS,0.346938775510204,17.0,0.4683673469387755,NA,NA,13,0,17
JxPath,20,60%,STARTS+FAST-S,0.346938775510204,17.0,0.9496598639455782,2.966666666666667,0.06054421768707486,0,1,30
JxPath,20,60%,STARTS+FAST-P,0.346938775510204,17.0,0.9619047619047616,2.3666666666666667,0.04829931972789117,0,1,30
JxPath,20,60%,STARTS+DPT,0.346938775510204,17.0,0.0,NA,NA,30,0,0
JxPath,20,60%,Fastazi-S,0.346938775510204,17.0,0.9360544217687073,3.6333333333333333,0.07414965986394557,0,1,30
JxPath,20,60%,Fastazi-P,0.346938775510204,17.0,0.9503401360544216,2.933333333333333,0.0598639455782313,0,1,30
JxPath,20,60%,Random,0.346938775510204,17.0,0.3775510204081633,NA,NA,16,0,14
JxPath,20,70%,Ekstazi,0.4081632653061222,20.0,0.5778911564625849,NA,NA,9,0,21
JxPath,20,70%,FAST,0.4081632653061222,20.0,0.9367346938775509,3.6,0.07346938775510205,0,1,30
JxPath,20,70%,Ekstazi+dpt,0.4081632653061222,20.0,0.0,NA,NA,30,0,0
JxPath,20,70%,DPT,0.4081632653061222,20.0,0.0,NA,NA,30,0,0
JxPath,20,70%,STARTS,0.4081632653061222,20.0,0.5734693877551021,NA,NA,8,0,22
JxPath,20,70%,STARTS+FAST-S,0.4081632653061222,20.0,0.9496598639455782,2.966666666666667,0.06054421768707486,0,1,30
JxPath,20,70%,STARTS+FAST-P,0.4081632653061222,20.0,0.9619047619047616,2.3666666666666667,0.04829931972789117,0,1,30
JxPath,20,70%,STARTS+DPT,0.4081632653061222,20.0,0.0,NA,NA,30,0,0
JxPath,20,70%,Fastazi-S,0.4081632653061222,20.0,0.9360544217687073,3.6333333333333333,0.07414965986394557,0,1,30
JxPath,20,70%,Fastazi-P,0.4081632653061222,20.0,0.9503401360544216,2.933333333333333,0.0598639455782313,0,1,30
JxPath,20,70%,Random,0.4081632653061222,20.0,0.41972789115646264,NA,NA,14,0,16
JxPath,20,75%,Ekstazi,0.4285714285714287,21.0,0.6166666666666666,NA,NA,7,0,23
JxPath,20,75%,FAST,0.4285714285714287,21.0,0.9367346938775509,3.6,0.07346938775510205,0,1,30
JxPath,20,75%,Ekstazi+dpt,0.4285714285714287,21.0,0.0,NA,NA,30,0,0
JxPath,20,75%,DPT,0.4285714285714287,21.0,0.0,NA,NA,30,0,0
JxPath,20,75%,STARTS,0.4285714285714287,21.0,0.5734693877551021,NA,NA,8,0,22
JxPath,20,75%,STARTS+FAST-S,0.4285714285714287,21.0,0.9496598639455782,2.966666666666667,0.06054421768707486,0,1,30
JxPath,20,75%,STARTS+FAST-P,0.4285714285714287,21.0,0.9619047619047616,2.3666666666666667,0.04829931972789117,0,1,30
JxPath,20,75%,STARTS+DPT,0.4285714285714287,21.0,0.0,NA,NA,30,0,0
JxPath,20,75%,Fastazi-S,0.4285714285714287,21.0,0.9360544217687073,3.6333333333333333,0.07414965986394557,0,1,30
JxPath,20,75%,Fastazi-P,0.4285714285714287,21.0,0.9503401360544216,2.933333333333333,0.0598639455782313,0,1,30
JxPath,20,75%,Random,0.4285714285714287,21.0,0.43911564625850347,NA,NA,13,0,17
JxPath,20,80%,Ekstazi,0.4693877551020407,23.0,0.6346938775510202,NA,NA,6,0,24
JxPath,20,80%,FAST,0.4693877551020407,23.0,0.9367346938775509,3.6,0.07346938775510205,0,1,30
JxPath,20,80%,Ekstazi+dpt,0.4693877551020407,23.0,0.0,NA,NA,30,0,0
JxPath,20,80%,DPT,0.4693877551020407,23.0,0.0,NA,NA,30,0,0
JxPath,20,80%,STARTS,0.4693877551020407,23.0,0.6095238095238095,NA,NA,6,0,24
JxPath,20,80%,STARTS+FAST-S,0.4693877551020407,23.0,0.9496598639455782,2.966666666666667,0.06054421768707486,0,1,30
JxPath,20,80%,STARTS+FAST-P,0.4693877551020407,23.0,0.9619047619047616,2.3666666666666667,0.04829931972789117,0,1,30
JxPath,20,80%,STARTS+DPT,0.4693877551020407,23.0,0.0,NA,NA,30,0,0
JxPath,20,80%,Fastazi-S,0.4693877551020407,23.0,0.9360544217687073,3.6333333333333333,0.07414965986394557,0,1,30
JxPath,20,80%,Fastazi-P,0.4693877551020407,23.0,0.9503401360544216,2.933333333333333,0.0598639455782313,0,1,30
JxPath,20,80%,Random,0.4693877551020407,23.0,0.45714285714285724,NA,NA,12,0,18
JxPath,20,90%,Ekstazi,0.5306122448979592,26.0,0.6840136054421768,NA,NA,3,0,27
JxPath,20,90%,FAST,0.5306122448979592,26.0,0.9367346938775509,3.6,0.07346938775510205,0,1,30
JxPath,20,90%,Ekstazi+dpt,0.5306122448979592,26.0,0.5,25.0,0.5102040816326529,0,1,30
JxPath,20,90%,DPT,0.5306122448979592,26.0,0.4795918367346937,26.0,0.5306122448979592,0,1,30
JxPath,20,90%,STARTS,0.5306122448979592,26.0,0.6095238095238095,NA,NA,6,0,24
JxPath,20,90%,STARTS+FAST-S,0.5306122448979592,26.0,0.9496598639455782,2.966666666666667,0.06054421768707486,0,1,30
JxPath,20,90%,STARTS+FAST-P,0.5306122448979592,26.0,0.9619047619047616,2.3666666666666667,0.04829931972789117,0,1,30
JxPath,20,90%,STARTS+DPT,0.5306122448979592,26.0,0.5,25.0,0.5102040816326529,0,1,30
JxPath,20,90%,Fastazi-S,0.5306122448979592,26.0,0.9360544217687073,3.6333333333333333,0.07414965986394557,0,1,30
JxPath,20,90%,Fastazi-P,0.5306122448979592,26.0,0.9503401360544216,2.933333333333333,0.0598639455782313,0,1,30
JxPath,20,90%,Random,0.5306122448979592,26.0,0.5071428571428572,NA,NA,9,0,21
JxPath,20,100%,Ekstazi,0.5918367346938779,29.0,0.726530612244898,13.9,0.2836734693877551,0,1,30
JxPath,20,100%,FAST,0.5918367346938779,29.0,0.9367346938775509,3.6,0.07346938775510205,0,1,30
JxPath,20,100%,Ekstazi+dpt,0.5918367346938779,29.0,0.5,25.0,0.5102040816326529,0,1,30
JxPath,20,100%,DPT,0.5918367346938779,29.0,0.4795918367346937,26.0,0.5306122448979592,0,1,30
JxPath,20,100%,STARTS,0.5918367346938779,29.0,0.6387755102040816,NA,NA,4,0,26
JxPath,20,100%,STARTS+FAST-S,0.5918367346938779,29.0,0.9496598639455782,2.966666666666667,0.06054421768707486,0,1,30
JxPath,20,100%,STARTS+FAST-P,0.5918367346938779,29.0,0.9619047619047616,2.3666666666666667,0.04829931972789117,0,1,30
JxPath,20,100%,STARTS+DPT,0.5918367346938779,29.0,0.5,25.0,0.5102040816326529,0,1,30
JxPath,20,100%,Fastazi-S,0.5918367346938779,29.0,0.9360544217687073,3.6333333333333333,0.07414965986394557,0,1,30
JxPath,20,100%,Fastazi-P,0.5918367346938779,29.0,0.9503401360544216,2.933333333333333,0.0598639455782313,0,1,30
JxPath,20,100%,Random,0.5918367346938779,29.0,0.5210884353741496,NA,NA,8,0,22
JxPath,21,10%,Ekstazi,0.040000000000000015,2.0,0.26066666666666666,NA,NA,22,0,8
JxPath,21,10%,FAST,0.040000000000000015,2.0,0.066,NA,NA,28,0,2
JxPath,21,10%,Ekstazi+dpt,0.040000000000000015,2.0,0.9699999999999995,2.0,0.040000000000000015,0,1,30
JxPath,21,10%,DPT,0.040000000000000015,2.0,0.9699999999999995,2.0,0.040000000000000015,0,1,30
JxPath,21,10%,STARTS,0.040000000000000015,2.0,0.09766666666666665,NA,NA,27,0,3
JxPath,21,10%,STARTS+FAST-S,0.040000000000000015,2.0,0.066,NA,NA,28,0,2
JxPath,21,10%,STARTS+FAST-P,0.040000000000000015,2.0,0.09899999999999999,NA,NA,27,0,3
JxPath,21,10%,STARTS+DPT,0.040000000000000015,2.0,0.9699999999999995,2.0,0.040000000000000015,0,1,30
JxPath,21,10%,Fastazi-S,0.040000000000000015,2.0,0.066,NA,NA,28,0,2
JxPath,21,10%,Fastazi-P,0.040000000000000015,2.0,0.066,NA,NA,28,0,2
JxPath,21,10%,Random,0.040000000000000015,2.0,0.13066666666666665,NA,NA,26,0,4
JxPath,21,20%,Ekstazi,0.08000000000000003,4.0,0.47966666666666663,NA,NA,15,0,15
JxPath,21,20%,FAST,0.08000000000000003,4.0,0.066,NA,NA,28,0,2
JxPath,21,20%,Ekstazi+dpt,0.08000000000000003,4.0,0.9699999999999995,2.0,0.040000000000000015,0,1,30
JxPath,21,20%,DPT,0.08000000000000003,4.0,0.9699999999999995,2.0,0.040000000000000015,0,1,30
JxPath,21,20%,STARTS,0.08000000000000003,4.0,0.192,NA,NA,24,0,6
JxPath,21,20%,STARTS+FAST-S,0.08000000000000003,4.0,0.22433333333333336,NA,NA,23,0,7
JxPath,21,20%,STARTS+FAST-P,0.08000000000000003,4.0,0.09899999999999999,NA,NA,27,0,3
JxPath,21,20%,STARTS+DPT,0.08000000000000003,4.0,0.9699999999999995,2.0,0.040000000000000015,0,1,30
JxPath,21,20%,Fastazi-S,0.08000000000000003,4.0,0.066,NA,NA,28,0,2
JxPath,21,20%,Fastazi-P,0.08000000000000003,4.0,0.066,NA,NA,28,0,2
JxPath,21,20%,Random,0.08000000000000003,4.0,0.19333333333333333,NA,NA,24,0,6
JxPath,21,25%,Ekstazi,0.10000000000000005,5.0,0.6010000000000001,NA,NA,11,0,19
JxPath,21,25%,FAST,0.10000000000000005,5.0,0.066,NA,NA,28,0,2
JxPath,21,25%,Ekstazi+dpt,0.10000000000000005,5.0,0.9699999999999995,2.0,0.040000000000000015,0,1,30
JxPath,21,25%,DPT,0.10000000000000005,5.0,0.9699999999999995,2.0,0.040000000000000015,0,1,30
JxPath,21,25%,STARTS,0.10000000000000005,5.0,0.22233333333333333,NA,NA,23,0,7
JxPath,21,25%,STARTS+FAST-S,0.10000000000000005,5.0,0.22433333333333336,NA,NA,23,0,7
JxPath,21,25%,STARTS+FAST-P,0.10000000000000005,5.0,0.09899999999999999,NA,NA,27,0,3
JxPath,21,25%,STARTS+DPT,0.10000000000000005,5.0,0.9699999999999995,2.0,0.040000000000000015,0,1,30
JxPath,21,25%,Fastazi-S,0.10000000000000005,5.0,0.066,NA,NA,28,0,2
JxPath,21,25%,Fastazi-P,0.10000000000000005,5.0,0.066,NA,NA,28,0,2
JxPath,21,25%,Random,0.10000000000000005,5.0,0.22366666666666665,NA,NA,23,0,7
JxPath,21,30%,Ekstazi,0.12000000000000008,6.0,0.6603333333333333,NA,NA,9,0,21
JxPath,21,30%,FAST,0.12000000000000008,6.0,0.066,NA,NA,28,0,2
JxPath,21,30%,Ekstazi+dpt,0.12000000000000008,6.0,0.9699999999999995,2.0,0.040000000000000015,0,1,30
JxPath,21,30%,DPT,0.12000000000000008,6.0,0.9699999999999995,2.0,0.040000000000000015,0,1,30
JxPath,21,30%,STARTS,0.12000000000000008,6.0,0.31133333333333335,NA,NA,20,0,10
JxPath,21,30%,STARTS+FAST-S,0.12000000000000008,6.0,0.22433333333333336,NA,NA,23,0,7
JxPath,21,30%,STARTS+FAST-P,0.12000000000000008,6.0,0.09899999999999999,NA,NA,27,0,3
JxPath,21,30%,STARTS+DPT,0.12000000000000008,6.0,0.9699999999999995,2.0,0.040000000000000015,0,1,30
JxPath,21,30%,Fastazi-S,0.12000000000000008,6.0,0.066,NA,NA,28,0,2
JxPath,21,30%,Fastazi-P,0.12000000000000008,6.0,0.066,NA,NA,28,0,2
JxPath,21,30%,Random,0.12000000000000008,6.0,0.22366666666666665,NA,NA,23,0,7
JxPath,21,40%,Ekstazi,0.16000000000000006,8.0,0.6886666666666666,NA,NA,8,0,22
JxPath,21,40%,FAST,0.16000000000000006,8.0,0.066,NA,NA,28,0,2
JxPath,21,40%,Ekstazi+dpt,0.16000000000000006,8.0,0.9699999999999995,2.0,0.040000000000000015,0,1,30
JxPath,21,40%,DPT,0.16000000000000006,8.0,0.9699999999999995,2.0,0.040000000000000015,0,1,30
JxPath,21,40%,STARTS,0.16000000000000006,8.0,0.36933333333333335,NA,NA,18,0,12
JxPath,21,40%,STARTS+FAST-S,0.16000000000000006,8.0,0.3943333333333332,NA,NA,17,0,13
JxPath,21,40%,STARTS+FAST-P,0.16000000000000006,8.0,0.24133333333333332,NA,NA,22,0,8
JxPath,21,40%,STARTS+DPT,0.16000000000000006,8.0,0.9699999999999995,2.0,0.040000000000000015,0,1,30
JxPath,21,40%,Fastazi-S,0.16000000000000006,8.0,0.066,NA,NA,28,0,2
JxPath,21,40%,Fastazi-P,0.16000000000000006,8.0,0.066,NA,NA,28,0,2
JxPath,21,40%,Random,0.16000000000000006,8.0,0.30866666666666664,NA,NA,20,0,10
JxPath,21,50%,Ekstazi,0.2000000000000001,10.0,0.6886666666666666,NA,NA,8,0,22
JxPath,21,50%,FAST,0.2000000000000001,10.0,0.066,NA,NA,28,0,2
JxPath,21,50%,Ekstazi+dpt,0.2000000000000001,10.0,0.9699999999999995,2.0,0.040000000000000015,0,1,30
JxPath,21,50%,DPT,0.2000000000000001,10.0,0.9699999999999995,2.0,0.040000000000000015,0,1,30
JxPath,21,50%,STARTS,0.2000000000000001,10.0,0.47800000000000004,NA,NA,14,0,16
JxPath,21,50%,STARTS+FAST-S,0.2000000000000001,10.0,0.5846666666666667,NA,NA,10,0,20
JxPath,21,50%,STARTS+FAST-P,0.2000000000000001,10.0,0.7036666666666667,NA,NA,5,0,25
JxPath,21,50%,STARTS+DPT,0.2000000000000001,10.0,0.9699999999999995,2.0,0.040000000000000015,0,1,30
JxPath,21,50%,Fastazi-S,0.2000000000000001,10.0,0.5520000000000002,NA,NA,10,0,20
JxPath,21,50%,Fastazi-P,0.2000000000000001,10.0,0.6330000000000001,NA,NA,7,0,23
JxPath,21,50%,Random,0.2000000000000001,10.0,0.3356666666666666,NA,NA,19,0,11
JxPath,21,60%,Ekstazi,0.24000000000000016,12.0,0.7926666666666666,NA,NA,4,0,26
JxPath,21,60%,FAST,0.24000000000000016,12.0,0.066,NA,NA,28,0,2
JxPath,21,60%,Ekstazi+dpt,0.24000000000000016,12.0,0.9699999999999995,2.0,0.040000000000000015,0,1,30
JxPath,21,60%,DPT,0.24000000000000016,12.0,0.9699999999999995,2.0,0.040000000000000015,0,1,30
JxPath,21,60%,STARTS,0.24000000000000016,12.0,0.5043333333333334,NA,NA,13,0,17
JxPath,21,60%,STARTS+FAST-S,0.24000000000000016,12.0,0.611,NA,NA,9,0,21
JxPath,21,60%,STARTS+FAST-P,0.24000000000000016,12.0,0.807,NA,NA,1,0,29
JxPath,21,60%,STARTS+DPT,0.24000000000000016,12.0,0.9699999999999995,2.0,0.040000000000000015,0,1,30
JxPath,21,60%,Fastazi-S,0.24000000000000016,12.0,0.8113333333333332,9.933333333333334,0.19866666666666674,0,1,30
JxPath,21,60%,Fastazi-P,0.24000000000000016,12.0,0.8153333333333331,9.733333333333333,0.1946666666666667,0,1,30
JxPath,21,60%,Random,0.24000000000000016,12.0,0.3613333333333333,NA,NA,18,0,12
JxPath,21,70%,Ekstazi,0.28000000000000014,14.0,0.842,NA,NA,2,0,28
JxPath,21,70%,FAST,0.28000000000000014,14.0,0.066,NA,NA,28,0,2
JxPath,21,70%,Ekstazi+dpt,0.28000000000000014,14.0,0.9699999999999995,2.0,0.040000000000000015,0,1,30
JxPath,21,70%,DPT,0.28000000000000014,14.0,0.9699999999999995,2.0,0.040000000000000015,0,1,30
JxPath,21,70%,STARTS,0.28000000000000014,14.0,0.5543333333333333,NA,NA,11,0,19
JxPath,21,70%,STARTS+FAST-S,0.28000000000000014,14.0,0.8300000000000001,9.0,0.18000000000000002,0,1,30
JxPath,21,70%,STARTS+FAST-P,0.28000000000000014,14.0,0.807,NA,NA,1,0,29
JxPath,21,70%,STARTS+DPT,0.28000000000000014,14.0,0.9699999999999995,2.0,0.040000000000000015,0,1,30
JxPath,21,70%,Fastazi-S,0.28000000000000014,14.0,0.8113333333333332,9.933333333333334,0.19866666666666674,0,1,30
JxPath,21,70%,Fastazi-P,0.28000000000000014,14.0,0.8153333333333331,9.733333333333333,0.1946666666666667,0,1,30
JxPath,21,70%,Random,0.28000000000000014,14.0,0.43499999999999994,NA,NA,15,0,15
JxPath,21,75%,Ekstazi,0.3,15.0,0.8656666666666666,NA,NA,1,0,29
JxPath,21,75%,FAST,0.3,15.0,0.066,NA,NA,28,0,2
JxPath,21,75%,Ekstazi+dpt,0.3,15.0,0.9699999999999995,2.0,0.040000000000000015,0,1,30
JxPath,21,75%,DPT,0.3,15.0,0.9699999999999995,2.0,0.040000000000000015,0,1,30
JxPath,21,75%,STARTS,0.3,15.0,0.5543333333333333,NA,NA,11,0,19
JxPath,21,75%,STARTS+FAST-S,0.3,15.0,0.8300000000000001,9.0,0.18000000000000002,0,1,30
JxPath,21,75%,STARTS+FAST-P,0.3,15.0,0.807,NA,NA,1,0,29
JxPath,21,75%,STARTS+DPT,0.3,15.0,0.9699999999999995,2.0,0.040000000000000015,0,1,30
JxPath,21,75%,Fastazi-S,0.3,15.0,0.8113333333333332,9.933333333333334,0.19866666666666674,0,1,30
JxPath,21,75%,Fastazi-P,0.3,15.0,0.8153333333333331,9.733333333333333,0.1946666666666667,0,1,30
JxPath,21,75%,Random,0.3,15.0,0.43499999999999994,NA,NA,15,0,15
JxPath,21,80%,Ekstazi,0.3200000000000001,16.0,0.8656666666666666,NA,NA,1,0,29
JxPath,21,80%,FAST,0.3200000000000001,16.0,0.066,NA,NA,28,0,2
JxPath,21,80%,Ekstazi+dpt,0.3200000000000001,16.0,0.9699999999999995,2.0,0.040000000000000015,0,1,30
JxPath,21,80%,DPT,0.3200000000000001,16.0,0.9699999999999995,2.0,0.040000000000000015,0,1,30
JxPath,21,80%,STARTS,0.3200000000000001,16.0,0.6233333333333333,NA,NA,8,0,22
JxPath,21,80%,STARTS+FAST-S,0.3200000000000001,16.0,0.8300000000000001,9.0,0.18000000000000002,0,1,30
JxPath,21,80%,STARTS+FAST-P,0.3200000000000001,16.0,0.83,9.0,0.18000000000000002,0,1,30
JxPath,21,80%,STARTS+DPT,0.3200000000000001,16.0,0.9699999999999995,2.0,0.040000000000000015,0,1,30
JxPath,21,80%,Fastazi-S,0.3200000000000001,16.0,0.8113333333333332,9.933333333333334,0.19866666666666674,0,1,30
JxPath,21,80%,Fastazi-P,0.3200000000000001,16.0,0.8153333333333331,9.733333333333333,0.1946666666666667,0,1,30
JxPath,21,80%,Random,0.3200000000000001,16.0,0.43499999999999994,NA,NA,15,0,15
JxPath,21,90%,Ekstazi,0.36,18.0,0.8879999999999999,6.1,0.12200000000000003,0,1,30
JxPath,21,90%,FAST,0.36,18.0,0.066,NA,NA,28,0,2
JxPath,21,90%,Ekstazi+dpt,0.36,18.0,0.9699999999999995,2.0,0.040000000000000015,0,1,30
JxPath,21,90%,DPT,0.36,18.0,0.9699999999999995,2.0,0.040000000000000015,0,1,30
JxPath,21,90%,STARTS,0.36,18.0,0.6456666666666666,NA,NA,7,0,23
JxPath,21,90%,STARTS+FAST-S,0.36,18.0,0.8300000000000001,9.0,0.18000000000000002,0,1,30
JxPath,21,90%,STARTS+FAST-P,0.36,18.0,0.83,9.0,0.18000000000000002,0,1,30
JxPath,21,90%,STARTS+DPT,0.36,18.0,0.9699999999999995,2.0,0.040000000000000015,0,1,30
JxPath,21,90%,Fastazi-S,0.36,18.0,0.8113333333333332,9.933333333333334,0.19866666666666674,0,1,30
JxPath,21,90%,Fastazi-P,0.36,18.0,0.8153333333333331,9.733333333333333,0.1946666666666667,0,1,30
JxPath,21,90%,Random,0.36,18.0,0.479,NA,NA,13,0,17
JxPath,21,100%,Ekstazi,0.4000000000000002,20.0,0.8879999999999999,6.1,0.12200000000000003,0,1,30
JxPath,21,100%,FAST,0.4000000000000002,20.0,0.14733333333333334,NA,NA,24,0,6
JxPath,21,100%,Ekstazi+dpt,0.4000000000000002,20.0,0.9699999999999995,2.0,0.040000000000000015,0,1,30
JxPath,21,100%,DPT,0.4000000000000002,20.0,0.9699999999999995,2.0,0.040000000000000015,0,1,30
JxPath,21,100%,STARTS,0.4000000000000002,20.0,0.7066666666666667,NA,NA,4,0,26
JxPath,21,100%,STARTS+FAST-S,0.4000000000000002,20.0,0.8300000000000001,9.0,0.18000000000000002,0,1,30
JxPath,21,100%,STARTS+FAST-P,0.4000000000000002,20.0,0.83,9.0,0.18000000000000002,0,1,30
JxPath,21,100%,STARTS+DPT,0.4000000000000002,20.0,0.9699999999999995,2.0,0.040000000000000015,0,1,30
JxPath,21,100%,Fastazi-S,0.4000000000000002,20.0,0.8113333333333332,9.933333333333334,0.19866666666666674,0,1,30
JxPath,21,100%,Fastazi-P,0.4000000000000002,20.0,0.8153333333333331,9.733333333333333,0.1946666666666667,0,1,30
JxPath,21,100%,Random,0.4000000000000002,20.0,0.479,NA,NA,13,0,17
JxPath,22,10%,Ekstazi,0.05882352941176471,3.0,0.09705882352941177,NA,NA,27,0,3
JxPath,22,10%,FAST,0.05882352941176471,3.0,0.03169934640522876,NA,NA,29,0,1
JxPath,22,10%,Ekstazi+dpt,0.05882352941176471,3.0,0.0,NA,NA,30,0,0
JxPath,22,10%,DPT,0.05882352941176471,3.0,0.0,NA,NA,30,0,0
JxPath,22,10%,STARTS,0.05882352941176471,3.0,0.06601307189542484,NA,NA,28,0,2
JxPath,22,10%,STARTS+FAST-S,0.05882352941176471,3.0,0.19281045751633988,NA,NA,24,0,6
JxPath,22,10%,STARTS+FAST-P,0.05882352941176471,3.0,0.2575163398692811,NA,NA,22,0,8
JxPath,22,10%,STARTS+DPT,0.05882352941176471,3.0,0.0,NA,NA,30,0,0
JxPath,22,10%,Fastazi-S,0.05882352941176471,3.0,0.09640522875816991,NA,NA,27,0,3
JxPath,22,10%,Fastazi-P,0.05882352941176471,3.0,0.03235294117647059,NA,NA,29,0,1
JxPath,22,10%,Random,0.05882352941176471,3.0,0.06601307189542484,NA,NA,28,0,2
JxPath,22,20%,Ekstazi,0.11764705882352942,6.0,0.18627450980392155,NA,NA,24,0,6
JxPath,22,20%,FAST,0.11764705882352942,6.0,0.03169934640522876,NA,NA,29,0,1
JxPath,22,20%,Ekstazi+dpt,0.11764705882352942,6.0,0.0,NA,NA,30,0,0
JxPath,22,20%,DPT,0.11764705882352942,6.0,0.0,NA,NA,30,0,0
JxPath,22,20%,STARTS,0.11764705882352942,6.0,0.15718954248366013,NA,NA,25,0,5
JxPath,22,20%,STARTS+FAST-S,0.11764705882352942,6.0,0.19281045751633988,NA,NA,24,0,6
JxPath,22,20%,STARTS+FAST-P,0.11764705882352942,6.0,0.31699346405228757,NA,NA,20,0,10
JxPath,22,20%,STARTS+DPT,0.11764705882352942,6.0,0.0,NA,NA,30,0,0
JxPath,22,20%,Fastazi-S,0.11764705882352942,6.0,0.09640522875816991,NA,NA,27,0,3
JxPath,22,20%,Fastazi-P,0.11764705882352942,6.0,0.03235294117647059,NA,NA,29,0,1
JxPath,22,20%,Random,0.11764705882352942,6.0,0.06601307189542484,NA,NA,28,0,2
JxPath,22,25%,Ekstazi,0.1372549019607843,7.0,0.24444444444444446,NA,NA,22,0,8
JxPath,22,25%,FAST,0.1372549019607843,7.0,0.03169934640522876,NA,NA,29,0,1
JxPath,22,25%,Ekstazi+dpt,0.1372549019607843,7.0,0.0,NA,NA,30,0,0
JxPath,22,25%,DPT,0.1372549019607843,7.0,0.0,NA,NA,30,0,0
JxPath,22,25%,STARTS,0.1372549019607843,7.0,0.21535947712418302,NA,NA,23,0,7
JxPath,22,25%,STARTS+FAST-S,0.1372549019607843,7.0,0.5418300653594772,NA,NA,12,0,18
JxPath,22,25%,STARTS+FAST-P,0.1372549019607843,7.0,0.4915032679738563,NA,NA,14,0,16
JxPath,22,25%,STARTS+DPT,0.1372549019607843,7.0,0.0,NA,NA,30,0,0
JxPath,22,25%,Fastazi-S,0.1372549019607843,7.0,0.4163398692810459,NA,NA,16,0,14
JxPath,22,25%,Fastazi-P,0.1372549019607843,7.0,0.32320261437908504,NA,NA,19,0,11
JxPath,22,25%,Random,0.1372549019607843,7.0,0.09509803921568628,NA,NA,27,0,3
JxPath,22,30%,Ekstazi,0.1764705882352941,9.0,0.3006535947712418,NA,NA,20,0,10
JxPath,22,30%,FAST,0.1764705882352941,9.0,0.03169934640522876,NA,NA,29,0,1
JxPath,22,30%,Ekstazi+dpt,0.1764705882352941,9.0,0.0,NA,NA,30,0,0
JxPath,22,30%,DPT,0.1764705882352941,9.0,0.0,NA,NA,30,0,0
JxPath,22,30%,STARTS,0.1764705882352941,9.0,0.30065359477124187,NA,NA,20,0,10
JxPath,22,30%,STARTS+FAST-S,0.1764705882352941,9.0,0.8816993464052284,6.533333333333333,0.12810457516339863,0,1,30
JxPath,22,30%,STARTS+FAST-P,0.1764705882352941,9.0,0.886928104575163,6.266666666666667,0.12287581699346399,0,1,30
JxPath,22,30%,STARTS+DPT,0.1764705882352941,9.0,0.0,NA,NA,30,0,0
JxPath,22,30%,Fastazi-S,0.1764705882352941,9.0,0.7264705882352939,NA,NA,5,0,25
JxPath,22,30%,Fastazi-P,0.1764705882352941,9.0,0.8045751633986924,NA,NA,2,0,28
JxPath,22,30%,Random,0.1764705882352941,9.0,0.12287581699346405,NA,NA,26,0,4
JxPath,22,40%,Ekstazi,0.23529411764705885,12.0,0.5117647058823531,NA,NA,12,0,18
JxPath,22,40%,FAST,0.23529411764705885,12.0,0.4493464052287582,NA,NA,13,0,17
JxPath,22,40%,Ekstazi+dpt,0.23529411764705885,12.0,0.0,NA,NA,30,0,0
JxPath,22,40%,DPT,0.23529411764705885,12.0,0.0,NA,NA,30,0,0
JxPath,22,40%,STARTS,0.23529411764705885,12.0,0.3800653594771243,NA,NA,17,0,13
JxPath,22,40%,STARTS+FAST-S,0.23529411764705885,12.0,0.8816993464052284,6.533333333333333,0.12810457516339863,0,1,30
JxPath,22,40%,STARTS+FAST-P,0.23529411764705885,12.0,0.886928104575163,6.266666666666667,0.12287581699346399,0,1,30
JxPath,22,40%,STARTS+DPT,0.23529411764705885,12.0,0.0,NA,NA,30,0,0
JxPath,22,40%,Fastazi-S,0.23529411764705885,12.0,0.8620915032679733,7.533333333333333,0.1477124183006536,0,1,30
JxPath,22,40%,Fastazi-P,0.23529411764705885,12.0,0.8588235294117644,7.7,0.15098039215686274,0,1,30
JxPath,22,40%,Random,0.23529411764705885,12.0,0.1764705882352941,NA,NA,24,0,6
JxPath,22,50%,Ekstazi,0.2941176470588235,15.0,0.5607843137254902,NA,NA,10,0,20
JxPath,22,50%,FAST,0.2941176470588235,15.0,0.7738562091503265,12.033333333333333,0.23594771241830068,0,1,30
JxPath,22,50%,Ekstazi+dpt,0.2941176470588235,15.0,0.0,NA,NA,30,0,0
JxPath,22,50%,DPT,0.2941176470588235,15.0,0.0,NA,NA,30,0,0
JxPath,22,50%,STARTS,0.2941176470588235,15.0,0.40522875816993476,NA,NA,16,0,14
JxPath,22,50%,STARTS+FAST-S,0.2941176470588235,15.0,0.8816993464052284,6.533333333333333,0.12810457516339863,0,1,30
JxPath,22,50%,STARTS+FAST-P,0.2941176470588235,15.0,0.886928104575163,6.266666666666667,0.12287581699346399,0,1,30
JxPath,22,50%,STARTS+DPT,0.2941176470588235,15.0,0.0,NA,NA,30,0,0
JxPath,22,50%,Fastazi-S,0.2941176470588235,15.0,0.8620915032679733,7.533333333333333,0.1477124183006536,0,1,30
JxPath,22,50%,Fastazi-P,0.2941176470588235,15.0,0.8588235294117644,7.7,0.15098039215686274,0,1,30
JxPath,22,50%,Random,0.2941176470588235,15.0,0.25,NA,NA,21,0,9
JxPath,22,60%,Ekstazi,0.3529411764705882,18.0,0.6509803921568627,NA,NA,6,0,24
JxPath,22,60%,FAST,0.3529411764705882,18.0,0.7738562091503265,12.033333333333333,0.23594771241830068,0,1,30
JxPath,22,60%,Ekstazi+dpt,0.3529411764705882,18.0,0.0,NA,NA,30,0,0
JxPath,22,60%,DPT,0.3529411764705882,18.0,0.0,NA,NA,30,0,0
JxPath,22,60%,STARTS,0.3529411764705882,18.0,0.5173202614379085,NA,NA,11,0,19
JxPath,22,60%,STARTS+FAST-S,0.3529411764705882,18.0,0.8816993464052284,6.533333333333333,0.12810457516339863,0,1,30
JxPath,22,60%,STARTS+FAST-P,0.3529411764705882,18.0,0.886928104575163,6.266666666666667,0.12287581699346399,0,1,30
JxPath,22,60%,STARTS+DPT,0.3529411764705882,18.0,0.0,NA,NA,30,0,0
JxPath,22,60%,Fastazi-S,0.3529411764705882,18.0,0.8620915032679733,7.533333333333333,0.1477124183006536,0,1,30
JxPath,22,60%,Fastazi-P,0.3529411764705882,18.0,0.8588235294117644,7.7,0.15098039215686274,0,1,30
JxPath,22,60%,Random,0.3529411764705882,18.0,0.2944444444444444,NA,NA,19,0,11
JxPath,22,70%,Ekstazi,0.41176470588235314,21.0,0.6509803921568627,NA,NA,6,0,24
JxPath,22,70%,FAST,0.41176470588235314,21.0,0.7738562091503265,12.033333333333333,0.23594771241830068,0,1,30
JxPath,22,70%,Ekstazi+dpt,0.41176470588235314,21.0,0.0,NA,NA,30,0,0
JxPath,22,70%,DPT,0.41176470588235314,21.0,0.0,NA,NA,30,0,0
JxPath,22,70%,STARTS,0.41176470588235314,21.0,0.5777777777777776,NA,NA,8,0,22
JxPath,22,70%,STARTS+FAST-S,0.41176470588235314,21.0,0.8816993464052284,6.533333333333333,0.12810457516339863,0,1,30
JxPath,22,70%,STARTS+FAST-P,0.41176470588235314,21.0,0.886928104575163,6.266666666666667,0.12287581699346399,0,1,30
JxPath,22,70%,STARTS+DPT,0.41176470588235314,21.0,0.0,NA,NA,30,0,0
JxPath,22,70%,Fastazi-S,0.41176470588235314,21.0,0.8620915032679733,7.533333333333333,0.1477124183006536,0,1,30
JxPath,22,70%,Fastazi-P,0.41176470588235314,21.0,0.8588235294117644,7.7,0.15098039215686274,0,1,30
JxPath,22,70%,Random,0.41176470588235314,21.0,0.3143790849673202,NA,NA,18,0,12
JxPath,22,75%,Ekstazi,0.43137254901960803,22.0,0.6509803921568627,NA,NA,6,0,24
JxPath,22,75%,FAST,0.43137254901960803,22.0,0.7738562091503265,12.033333333333333,0.23594771241830068,0,1,30
JxPath,22,75%,Ekstazi+dpt,0.43137254901960803,22.0,0.5784313725490194,22.0,0.43137254901960803,0,1,30
JxPath,22,75%,DPT,0.43137254901960803,22.0,0.0,NA,NA,30,0,0
JxPath,22,75%,STARTS,0.43137254901960803,22.0,0.5777777777777776,NA,NA,8,0,22
JxPath,22,75%,STARTS+FAST-S,0.43137254901960803,22.0,0.8816993464052284,6.533333333333333,0.12810457516339863,0,1,30
JxPath,22,75%,STARTS+FAST-P,0.43137254901960803,22.0,0.886928104575163,6.266666666666667,0.12287581699346399,0,1,30
JxPath,22,75%,STARTS+DPT,0.43137254901960803,22.0,0.5784313725490194,22.0,0.43137254901960803,0,1,30
JxPath,22,75%,Fastazi-S,0.43137254901960803,22.0,0.8620915032679733,7.533333333333333,0.1477124183006536,0,1,30
JxPath,22,75%,Fastazi-P,0.43137254901960803,22.0,0.8588235294117644,7.7,0.15098039215686274,0,1,30
JxPath,22,75%,Random,0.43137254901960803,22.0,0.3143790849673202,NA,NA,18,0,12
JxPath,22,80%,Ekstazi,0.4705882352941177,24.0,0.687581699346405,NA,NA,4,0,26
JxPath,22,80%,FAST,0.4705882352941177,24.0,0.7738562091503265,12.033333333333333,0.23594771241830068,0,1,30
JxPath,22,80%,Ekstazi+dpt,0.4705882352941177,24.0,0.5784313725490194,22.0,0.43137254901960803,0,1,30
JxPath,22,80%,DPT,0.4705882352941177,24.0,0.5588235294117646,23.0,0.45098039215686286,0,1,30
JxPath,22,80%,STARTS,0.4705882352941177,24.0,0.595751633986928,NA,NA,7,0,23
JxPath,22,80%,STARTS+FAST-S,0.4705882352941177,24.0,0.8816993464052284,6.533333333333333,0.12810457516339863,0,1,30
JxPath,22,80%,STARTS+FAST-P,0.4705882352941177,24.0,0.886928104575163,6.266666666666667,0.12287581699346399,0,1,30
JxPath,22,80%,STARTS+DPT,0.4705882352941177,24.0,0.5784313725490194,22.0,0.43137254901960803,0,1,30
JxPath,22,80%,Fastazi-S,0.4705882352941177,24.0,0.8620915032679733,7.533333333333333,0.1477124183006536,0,1,30
JxPath,22,80%,Fastazi-P,0.4705882352941177,24.0,0.8588235294117644,7.7,0.15098039215686274,0,1,30
JxPath,22,80%,Random,0.4705882352941177,24.0,0.33300653594771235,NA,NA,17,0,13
JxPath,22,90%,Ekstazi,0.5294117647058824,27.0,0.687581699346405,NA,NA,4,0,26
JxPath,22,90%,FAST,0.5294117647058824,27.0,0.7738562091503265,12.033333333333333,0.23594771241830068,0,1,30
JxPath,22,90%,Ekstazi+dpt,0.5294117647058824,27.0,0.5784313725490194,22.0,0.43137254901960803,0,1,30
JxPath,22,90%,DPT,0.5294117647058824,27.0,0.5588235294117646,23.0,0.45098039215686286,0,1,30
JxPath,22,90%,STARTS,0.5294117647058824,27.0,0.6290849673202612,NA,NA,5,0,25
JxPath,22,90%,STARTS+FAST-S,0.5294117647058824,27.0,0.8816993464052284,6.533333333333333,0.12810457516339863,0,1,30
JxPath,22,90%,STARTS+FAST-P,0.5294117647058824,27.0,0.886928104575163,6.266666666666667,0.12287581699346399,0,1,30
JxPath,22,90%,STARTS+DPT,0.5294117647058824,27.0,0.5784313725490194,22.0,0.43137254901960803,0,1,30
JxPath,22,90%,Fastazi-S,0.5294117647058824,27.0,0.8620915032679733,7.533333333333333,0.1477124183006536,0,1,30
JxPath,22,90%,Fastazi-P,0.5294117647058824,27.0,0.8588235294117644,7.7,0.15098039215686274,0,1,30
JxPath,22,90%,Random,0.5294117647058824,27.0,0.3656862745098038,NA,NA,15,0,15
JxPath,22,100%,Ekstazi,0.588235294117647,30.0,0.7457516339869279,13.466666666666667,0.26405228758169935,0,1,30
JxPath,22,100%,FAST,0.588235294117647,30.0,0.7738562091503265,12.033333333333333,0.23594771241830068,0,1,30
JxPath,22,100%,Ekstazi+dpt,0.588235294117647,30.0,0.5784313725490194,22.0,0.43137254901960803,0,1,30
JxPath,22,100%,DPT,0.588235294117647,30.0,0.5588235294117646,23.0,0.45098039215686286,0,1,30
JxPath,22,100%,STARTS,0.588235294117647,30.0,0.6578431372549017,NA,NA,3,0,27
JxPath,22,100%,STARTS+FAST-S,0.588235294117647,30.0,0.8816993464052284,6.533333333333333,0.12810457516339863,0,1,30
JxPath,22,100%,STARTS+FAST-P,0.588235294117647,30.0,0.886928104575163,6.266666666666667,0.12287581699346399,0,1,30
JxPath,22,100%,STARTS+DPT,0.588235294117647,30.0,0.5784313725490194,22.0,0.43137254901960803,0,1,30
JxPath,22,100%,Fastazi-S,0.588235294117647,30.0,0.8620915032679733,7.533333333333333,0.1477124183006536,0,1,30
JxPath,22,100%,Fastazi-P,0.588235294117647,30.0,0.8588235294117644,7.7,0.15098039215686274,0,1,30
JxPath,22,100%,Random,0.588235294117647,30.0,0.38039215686274497,NA,NA,14,0,16
